ID,TID,Title,Previous Credits,Corrected Credits
special:4:tmdb:872585,872585,Oppenheimer,Best Picture: 2023 - 2014,Christopher Nolan
special:4:tmdb:545611,545611,Everything Everywhere All at Once,Best Picture: 2023 - 2014,"Daniel Kwan, Daniel Scheinert"
special:4:tmdb:776503,776503,CODA,Best Picture: 2023 - 2014,Sian Heder
special:4:tmdb:581734,581734,Nomadland,Best Picture: 2023 - 2014,Chloé Zhao
special:4:tmdb:496243,496243,Parasite,Best Picture: 2023 - 2014,Bong Joon Ho
special:4:tmdb:490132,490132,Green Book,Best Picture: 2023 - 2014,Peter Farrelly
special:4:tmdb:399055,399055,The Shape of Water,Best Picture: 2023 - 2014,Guillermo del Toro
special:4:tmdb:376867,376867,Moonlight,Best Picture: 2023 - 2014,Barry Jenkins
special:4:tmdb:314365,314365,Spotlight,Best Picture: 2023 - 2014,Tom McCarthy
special:4:tmdb:194662,194662,Birdman,Best Picture: 2023 - 2014,Alejandro G. Iñárritu
special:8:tmdb:915935,915935,Anatomy of a Fall,Palme d'Or Winners: 2023 - 2014,Justine Triet
special:8:tmdb:497828,497828,Triangle of Sadness,Palme d'Or Winners: 2023 - 2014,Ruben Östlund
special:8:tmdb:630240,630240,Titane,Palme d'Or Winners: 2023 - 2014,Julia Ducournau
special:8:tmdb:496243,496243,Parasite,Palme d'Or Winners: 2023 - 2014,Bong Joon Ho
special:8:tmdb:505192,505192,Shoplifters,Palme d'Or Winners: 2023 - 2014,Hirokazu Kore-eda
special:8:tmdb:401246,401246,The Square,Palme d'Or Winners: 2023 - 2014,Ruben Östlund
special:8:tmdb:374473,374473,"I, Daniel Blake",Palme d'Or Winners: 2023 - 2014,Ken Loach
special:8:tmdb:314402,314402,Dheepan,Palme d'Or Winners: 2023 - 2014,Jacques Audiard
special:8:tmdb:265169,265169,Winter Sleep,Palme d'Or Winners: 2023 - 2014,Nuri Bilge Ceylan
special:12:tmdb:1088514,1088514,The Room Next Door,Golden Lion Winners: 2023 - 2014,Pedro Almodóvar
special:12:tmdb:1121956,1121956,Green Border,Golden Lion Winners: 2023 - 2014,Agnieszka Holland
special:12:tmdb:674324,674324,The Banshees of Inisherin,Golden Lion Winners: 2023 - 2014,Martin McDonagh
special:12:tmdb:600583,600583,The Power of the Dog,Golden Lion Winners: 2023 - 2014,Jane Campion
special:12:tmdb:581734,581734,Nomadland,Golden Lion Winners: 2023 - 2014,Chloé Zhao
special:12:tmdb:475557,475557,Joker,Golden Lion Winners: 2023 - 2014,Todd Phillips
special:12:tmdb:426426,426426,Roma,Golden Lion Winners: 2023 - 2014,Alfonso Cuarón
special:12:tmdb:399055,399055,The Shape of Water,Golden Lion Winners: 2023 - 2014,Guillermo del Toro
special:12:tmdb:408542,408542,The Woman Who Left,Golden Lion Winners: 2023 - 2014,Lav Diaz
special:12:tmdb:352162,352162,From Afar,Golden Lion Winners: 2023 - 2014,Lorenzo Vigas
special:12:tmdb:110390,110390,A Pigeon Sat on a Branch Reflecting on Existence,Golden Lion Winners: 2023 - 2014,Roy Andersson
special:16:tmdb:920767,920767,The Plough,Golden Bear Winners: 2023 - 2014,Philippe Garrel
special:16:tmdb:804251,804251,Alcarràs,Golden Bear Winners: 2023 - 2014,Carla Simón
special:16:tmdb:790496,790496,Bad Luck Banging or Loony Porn,Golden Bear Winners: 2023 - 2014,Radu Jude
special:16:tmdb:667935,667935,There Is No Evil,Golden Bear Winners: 2023 - 2014,Mohammad Rasoulof
special:16:tmdb:501590,501590,Synonyms,Golden Bear Winners: 2023 - 2014,Nadav Lapid
special:16:tmdb:499155,499155,Touch Me Not,Golden Bear Winners: 2023 - 2014,Adina Pintilie
special:16:tmdb:436343,436343,On Body and Soul,Golden Bear Winners: 2023 - 2014,Ildikó Enyedi
special:16:tmdb:377151,377151,Fire at Sea,Golden Bear Winners: 2023 - 2014,Gianfranco Rosi
special:16:tmdb:320006,320006,Taxi,Golden Bear Winners: 2023 - 2014,Jafar Panahi
special:16:tmdb:255756,255756,"Black Coal, Thin Ice",Golden Bear Winners: 2023 - 2014,Diao Yinan
special:17:tmdb:1063574,1063574,Misericordia,Cahiers du cinéma’s Top 10 (2024),Alain Guiraudie
special:17:tmdb:839369,839369,May December,Cahiers du cinéma’s Top 10 (2024),Todd Haynes
special:17:tmdb:1077647,1077647,In Water,Cahiers du cinéma’s Top 10 (2024),Hong Sang-soo
special:17:tmdb:467244,467244,The Zone of Interest,Cahiers du cinéma’s Top 10 (2024),Jonathan Glazer
special:17:tmdb:927547,927547,All We Imagine As Light,Cahiers du cinéma’s Top 10 (2024),Payal Kapadia
special:17:tmdb:714889,714889,The Delinquents,Cahiers du cinéma’s Top 10 (2024),Rodrigo Moreno
special:17:tmdb:1156125,1156125,Evil Does Not Exist,Cahiers du cinéma’s Top 10 (2024),Ryusuke Hamaguchi
special:17:tmdb:1001434,1001434,Ma Vie Ma Gueule,Cahiers du cinéma’s Top 10 (2024),Sophie Fillières
special:17:tmdb:1032823,1032823,Trap,Cahiers du cinéma’s Top 10 (2024),M. Night Shyamalan
special:17:tmdb:1214118,1214118,The Other Way Around,Cahiers du cinéma’s Top 10 (2024),Jonás Trueba
special:21:tmdb:927547,927547,All We Imagine As Light,Sight and Sound Top 10 (2024),Payal Kapadia
special:21:tmdb:1064213,1064213,Anora,Sight and Sound Top 10 (2024),Sean Baker
special:21:tmdb:837335,837335,La chimera,Sight and Sound Top 10 (2024),Alice Rohrwacher
special:21:tmdb:1101256,1101256,Dahomey,Sight and Sound Top 10 (2024),Mati Diop
special:21:tmdb:1013154,1013154,Hard Truths,Sight and Sound Top 10 (2024),Mike Leigh
special:21:tmdb:1136837,1136837,Caught by the Tides,Sight and Sound Top 10 (2024),Jia Zhangke
special:21:tmdb:933260,933260,The Substance,Sight and Sound Top 10 (2024),Coralie Fargeat
special:21:tmdb:948549,948549,Love Lies Bleeding,Sight and Sound Top 10 (2024),Rose Glass
special:21:tmdb:1232493,1232493,No Other Land,Sight and Sound Top 10 (2024),"Basel Adra, Hamdan Ballal, Rachel Szor, Yuval Abraham"
special:21:tmdb:1028196,1028196,Nickel Boys,Sight and Sound Top 10 (2024),RaMell Ross
special:23:tmdb:842924,842924,The Life of Chuck,People's Choice Award: 2023 - 2014,Mike Flanagan
special:23:tmdb:1056360,1056360,American Fiction,People's Choice Award: 2023 - 2014,Cord Jefferson
special:23:tmdb:804095,804095,The Fabelmans,People's Choice Award: 2023 - 2014,Steven Spielberg
special:23:tmdb:777270,777270,Belfast,People's Choice Award: 2023 - 2014,Kenneth Branagh
special:23:tmdb:581734,581734,Nomadland,People's Choice Award: 2023 - 2014,Chloé Zhao
special:23:tmdb:515001,515001,Jojo Rabbit,People's Choice Award: 2023 - 2014,Taika Waititi
special:23:tmdb:490132,490132,Green Book,People's Choice Award: 2023 - 2014,Peter Farrelly
special:23:tmdb:359940,359940,"Three Billboards Outside Ebbing, Missouri",People's Choice Award: 2023 - 2014,Martin McDonagh
special:23:tmdb:313369,313369,La La Land,People's Choice Award: 2023 - 2014,Damien Chazelle
special:23:tmdb:264644,264644,Room,People's Choice Award: 2023 - 2014,Lenny Abrahamson
special:23:tmdb:205596,205596,The Imitation Game,People's Choice Award: 2023 - 2014,Morten Tyldum
special:26:tmdb:872585,872585,Oppenheimer,10 Best Foreign Movies,Christopher Nolan
special:26:tmdb:792307,792307,Poor Things,10 Best Foreign Movies,Yorgos Lanthimos
special:26:tmdb:467244,467244,The Zone of Interest,10 Best Foreign Movies,Jonathan Glazer
special:26:tmdb:929590,929590,Civil War,10 Best Foreign Movies,Alex Garland
special:26:tmdb:840430,840430,The Holdovers,10 Best Foreign Movies,Alexander Payne
special:26:tmdb:915935,915935,Anatomy of a Fall,10 Best Foreign Movies,Justine Triet
special:26:tmdb:997294,997294,Close your Eyes,10 Best Foreign Movies,Víctor Erice
special:26:tmdb:919207,919207,12.12: The Day,10 Best Foreign Movies,Kim Sung-soo
special:26:tmdb:693134,693134,Dune: Part Two,10 Best Foreign Movies,Denis Villeneuve
special:26:tmdb:786892,786892,Furiosa: A Mad Max Saga,10 Best Foreign Movies,George Miller
special:28:tmdb:1361934,1361934,Teki Cometh,Tokyo Grand Pix award 2024 - 2014,Daihachi Yoshida
special:28:tmdb:996584,996584,Snow Leopard,Tokyo Grand Pix award 2024 - 2014,Pema Tseden
special:28:tmdb:848685,848685,The Beasts,Tokyo Grand Pix award 2024 - 2014,Rodrigo Sorogoyen
special:28:tmdb:854569,854569,Vera Dreams of the Sea,Tokyo Grand Pix award 2024 - 2014,Kaltrina Krasniqi
special:28:tmdb:632478,632478,Uncle,Tokyo Grand Pix award 2024 - 2014,René Frelle Petersen
special:28:tmdb:485166,485166,Amanda,Tokyo Grand Pix award 2024 - 2014,Mikhaël Hers
special:28:tmdb:315840,315840,Grain,Tokyo Grand Pix award 2024 - 2014,Semih Kaplanoğlu
special:28:tmdb:417617,417617,The Bloom of Yesterday,Tokyo Grand Pix award 2024 - 2014,Chris Kraus
special:28:tmdb:363103,363103,Nise: The Heart of Madness,Tokyo Grand Pix award 2024 - 2014,Roberto Berliner
special:28:tmdb:285024,285024,Heaven Knows What,Tokyo Grand Pix award 2024 - 2014,"Benny Safdie, Josh Safdie"
special:32:tmdb:729854,729854,Concrete Utopia,Grand Pix award 2024 - 2014,Um Tae-hwa
special:32:tmdb:705996,705996,Decision to Leave,Grand Pix award 2024 - 2014,Park Chan-wook
special:32:tmdb:496243,496243,Parasite,Grand Pix award 2024 - 2014,Bong Joon Ho
special:32:tmdb:491584,491584,Burning,Grand Pix award 2024 - 2014,Lee Chang-dong
special:32:tmdb:437068,437068,A Taxi Driver,Grand Pix award 2024 - 2014,Jang Hoon
special:32:tmdb:293413,293413,Inside Men,Grand Pix award 2024 - 2014,Woo Min-ho
special:32:tmdb:313108,313108,Ode to My Father,Grand Pix award 2024 - 2014,JK Youn
special:32:tmdb:282631,282631,The Admiral: Roaring Currents,Grand Pix award 2024 - 2014,Kim Han-min
